Country,SnapshotDate,StartDate,EndDate,Rank,Views7Day,AvgViewsPerDay,WeekOverWeekDelta,WeekOverWeekPct
Argentina,2026-04-07,2026-03-31,2026-04-07,15,5021,717,,
Argentina,2026-04-08,2026-04-01,2026-04-08,14,4237,605,,
Argentina,2026-04-13,2026-04-06,2026-04-13,15,4880,697,-141,-2.8
Argentina,2026-04-16,2026-04-09,2026-04-16,15,4143,592,-94,-2.2
Argentina,2026-04-17,2026-04-10,2026-04-17,15,4925,704,,
Argentina,2026-04-18,2026-04-11,2026-04-18,15,5038,720,,
Argentina,2026-04-19,2026-04-12,2026-04-19,14,5108,730,228,4.7
Argentina,2026-04-20,2026-04-13,2026-04-20,15,4987,712,107,2.2
Argentina,2026-04-21,2026-04-14,2026-04-21,15,4691,670,-189,-3.9
Argentina,2026-04-22,2026-04-15,2026-04-22,15,4612,659,469,11.3
Argentina,2026-04-23,2026-04-16,2026-04-23,15,4743,678,-182,-3.7
Argentina,2026-04-24,2026-04-17,2026-04-24,15,4535,648,-503,-10
Argentina,2026-04-25,2026-04-18,2026-04-25,15,4586,655,-522,-10.2
Argentina,2026-04-26,2026-04-19,2026-04-26,15,4580,654,-407,-8.2
Argentina,2026-04-27,2026-04-20,2026-04-27,15,4690,670,-1,0
Argentina,2026-04-28,2026-04-21,2026-04-28,15,4705,672,93,2
Argentina,2026-04-29,2026-04-22,2026-04-29,15,4716,674,-27,-0.6
Argentina,2026-04-30,2026-04-23,2026-04-30,15,4624,661,89,2
Argentina,2026-05-01,2026-04-24,2026-05-01,15,4516,645,-70,-1.5
Argentina,2026-05-07,2026-04-30,2026-05-07,14,4467,638,-49,-1.1
Argentina,2026-05-08,2026-05-01,2026-05-08,14,3676,525,-840,-18.6
Argentina,2026-05-09,2026-05-02,2026-05-09,14,4524,646,8,0.2
Argentina,2026-05-10,2026-05-03,2026-05-10,14,4522,646,,
Argentina,2026-05-11,2026-05-04,2026-05-11,14,4663,666,,
Argentina,2026-05-12,2026-05-05,2026-05-12,14,4491,642,,
Argentina,2026-05-13,2026-05-06,2026-05-13,14,4428,633,-39,-0.9
Argentina,2026-05-14,2026-05-07,2026-05-14,14,4471,639,795,21.6
Argentina,2026-05-16,2026-05-09,2026-05-16,15,4298,614,-224,-5
Argentina,2026-05-18,2026-05-11,2026-05-18,14,4682,669,191,4.3
Argentina,2026-05-19,2026-05-12,2026-05-19,15,4605,658,177,4
Argentina,2026-05-20,2026-05-13,2026-05-20,14,4431,633,-40,-0.9
Argentina,2026-05-21,2026-05-14,2026-05-21,14,4587,655,116,2.6
Argentina,2026-05-22,2026-05-15,2026-05-22,13,4624,661,326,7.6
Argentina,2026-05-23,2026-05-16,2026-05-23,15,4725,675,427,9.9
Argentina,2026-05-24,2026-05-17,2026-05-24,15,4729,676,47,1
Argentina,2026-05-25,2026-05-18,2026-05-25,14,4873,696,268,5.8
Argentina,2026-05-26,2026-05-19,2026-05-26,14,5046,721,615,13.9
Argentina,2026-05-27,2026-05-20,2026-05-27,15,5016,717,429,9.4
Argentina,2026-05-28,2026-05-21,2026-05-28,14,5091,727,467,10.1
Argentina,2026-05-29,2026-05-22,2026-05-29,15,4155,594,-570,-12.1
Australia,2026-04-13,2026-04-06,2026-04-13,14,5367,767,,
Australia,2026-04-15,2026-04-08,2026-04-15,14,4397,628,,
Australia,2026-05-02,2026-04-25,2026-05-02,15,4731,676,,
Australia,2026-05-03,2026-04-26,2026-05-03,14,5075,725,,
Australia,2026-05-04,2026-04-27,2026-05-04,13,5104,729,,
Australia,2026-05-05,2026-04-28,2026-05-05,14,4877,697,,
Australia,2026-05-06,2026-04-29,2026-05-06,14,4702,672,,
Australia,2026-05-07,2026-04-30,2026-05-07,15,4359,623,,
Australia,2026-05-08,2026-05-01,2026-05-08,15,3478,497,-1253,-26.5
Australia,2026-05-09,2026-05-02,2026-05-09,15,4344,621,-731,-14.4
Australia,2026-05-10,2026-05-03,2026-05-10,15,4489,641,-615,-12
Australia,2026-05-11,2026-05-04,2026-05-11,15,4378,625,-499,-10.2
Australia,2026-05-12,2026-05-05,2026-05-12,15,4415,631,-287,-6.1
Australia,2026-05-14,2026-05-07,2026-05-14,15,4445,635,967,27.8
Australia,2026-05-15,2026-05-08,2026-05-15,15,4381,626,37,0.9
Australia,2026-05-17,2026-05-10,2026-05-17,15,4481,640,103,2.4
Australia,2026-05-26,2026-05-19,2026-05-26,15,4875,696,,
Australia,2026-05-27,2026-05-20,2026-05-27,14,5108,730,,
Australia,2026-05-28,2026-05-21,2026-05-28,15,5034,719,,
Australia,2026-05-29,2026-05-22,2026-05-29,14,4185,598,,
Australia,2026-05-30,2026-05-23,2026-05-30,15,5182,740,,
Australia,2026-05-31,2026-05-24,2026-05-31,15,5432,776,,
Brazil,2026-04-07,2026-03-31,2026-04-07,7,12184,1741,,
Brazil,2026-04-08,2026-04-01,2026-04-08,7,10218,1460,,
Brazil,2026-04-13,2026-04-06,2026-04-13,7,11818,1688,-366,-3
Brazil,2026-04-15,2026-04-08,2026-04-15,7,9124,1303,-1094,-10.7
Brazil,2026-04-16,2026-04-09,2026-04-16,7,9050,1293,-1168,-11.4
Brazil,2026-04-17,2026-04-10,2026-04-17,6,11549,1650,,
Brazil,2026-04-18,2026-04-11,2026-04-18,6,11391,1627,,
Brazil,2026-04-19,2026-04-12,2026-04-19,6,11714,1673,-104,-0.9
Brazil,2026-04-20,2026-04-13,2026-04-20,6,11988,1713,170,1.4
Brazil,2026-04-21,2026-04-14,2026-04-21,7,11189,1598,2065,22.6
Brazil,2026-04-22,2026-04-15,2026-04-22,7,10708,1530,1658,18.3
Brazil,2026-04-23,2026-04-16,2026-04-23,7,10105,1444,-1444,-12.5
Brazil,2026-04-24,2026-04-17,2026-04-24,7,10009,1430,-1382,-12.1
Brazil,2026-04-25,2026-04-18,2026-04-25,7,9754,1393,-1960,-16.7
Brazil,2026-04-26,2026-04-19,2026-04-26,7,10074,1439,-1914,-16
Brazil,2026-04-27,2026-04-20,2026-04-27,7,10501,1500,-688,-6.1
Brazil,2026-04-28,2026-04-21,2026-04-28,7,10458,1494,-250,-2.3
Brazil,2026-04-29,2026-04-22,2026-04-29,7,10620,1517,515,5.1
Brazil,2026-04-30,2026-04-23,2026-04-30,7,10693,1528,684,6.8
Brazil,2026-05-01,2026-04-24,2026-05-01,7,11190,1599,1436,14.7
Brazil,2026-05-02,2026-04-25,2026-05-02,7,11511,1644,1437,14.3
Brazil,2026-05-03,2026-04-26,2026-05-03,7,11706,1672,1205,11.5
Brazil,2026-05-04,2026-04-27,2026-05-04,7,11705,1672,1247,11.9
Brazil,2026-05-05,2026-04-28,2026-05-05,7,11173,1596,553,5.2
Brazil,2026-05-06,2026-04-29,2026-05-06,7,10759,1537,66,0.6
Brazil,2026-05-07,2026-04-30,2026-05-07,7,10369,1481,-821,-7.3
Brazil,2026-05-08,2026-05-01,2026-05-08,9,8093,1156,-3418,-29.7
Brazil,2026-05-09,2026-05-02,2026-05-09,7,10486,1498,-1220,-10.4
Brazil,2026-05-10,2026-05-03,2026-05-10,6,11102,1586,-603,-5.2
Brazil,2026-05-11,2026-05-04,2026-05-11,5,11699,1671,526,4.7
Brazil,2026-05-12,2026-05-05,2026-05-12,6,11410,1630,651,6.1
Brazil,2026-05-13,2026-05-06,2026-05-13,6,11242,1606,873,8.4
Brazil,2026-05-14,2026-05-07,2026-05-14,6,11029,1576,2936,36.3
Brazil,2026-05-15,2026-05-08,2026-05-15,6,10531,1504,45,0.4
Brazil,2026-05-16,2026-05-09,2026-05-16,8,10065,1438,-1037,-9.3
Brazil,2026-05-17,2026-05-10,2026-05-17,8,10309,1473,-1390,-11.9
Brazil,2026-05-18,2026-05-11,2026-05-18,7,10567,1510,-843,-7.4
Brazil,2026-05-19,2026-05-12,2026-05-19,6,10206,1458,-1036,-9.2
Brazil,2026-05-20,2026-05-13,2026-05-20,6,10537,1505,-492,-4.5
Brazil,2026-05-21,2026-05-14,2026-05-21,6,10711,1530,180,1.7
Brazil,2026-05-22,2026-05-15,2026-05-22,6,11077,1582,1012,10.1
Brazil,2026-05-23,2026-05-16,2026-05-23,6,11011,1573,702,6.8
Brazil,2026-05-24,2026-05-17,2026-05-24,5,11736,1677,1169,11.1
Brazil,2026-05-25,2026-05-18,2026-05-25,5,12224,1746,2018,19.8
Brazil,2026-05-26,2026-05-19,2026-05-26,5,11740,1677,1203,11.4
Brazil,2026-05-27,2026-05-20,2026-05-27,5,12240,1749,1529,14.3
Brazil,2026-05-28,2026-05-21,2026-05-28,5,12251,1750,1174,10.6
Brazil,2026-05-29,2026-05-22,2026-05-29,5,10310,1473,-701,-6.4
Brazil,2026-05-30,2026-05-23,2026-05-30,6,13146,1878,1410,12
Brazil,2026-05-31,2026-05-24,2026-05-31,7,14011,2002,1787,14.6
Canada,2026-04-07,2026-03-31,2026-04-07,12,8596,1228,,
Canada,2026-04-08,2026-04-01,2026-04-08,12,7356,1051,,
Canada,2026-04-13,2026-04-06,2026-04-13,12,8543,1220,-53,-0.6
Canada,2026-04-15,2026-04-08,2026-04-15,12,6691,956,-665,-9
Canada,2026-04-16,2026-04-09,2026-04-16,12,6520,931,-836,-11.4
Canada,2026-04-17,2026-04-10,2026-04-17,12,7953,1136,,
Canada,2026-04-18,2026-04-11,2026-04-18,12,8088,1155,,
Canada,2026-04-19,2026-04-12,2026-04-19,12,8505,1215,-38,-0.4
Canada,2026-04-20,2026-04-13,2026-04-20,12,8768,1253,225,2.6
Canada,2026-04-21,2026-04-14,2026-04-21,12,8503,1215,1812,27.1
Canada,2026-04-22,2026-04-15,2026-04-22,12,8281,1183,1761,27
Canada,2026-04-23,2026-04-16,2026-04-23,12,8072,1153,119,1.5
Canada,2026-04-24,2026-04-17,2026-04-24,12,7921,1132,-167,-2.1
Canada,2026-04-25,2026-04-18,2026-04-25,12,7987,1141,-518,-6.1
Canada,2026-04-26,2026-04-19,2026-04-26,12,8123,1160,-645,-7.4
Canada,2026-04-27,2026-04-20,2026-04-27,12,8123,1160,-380,-4.5
Canada,2026-04-28,2026-04-21,2026-04-28,12,7758,1108,-523,-6.3
Canada,2026-04-29,2026-04-22,2026-04-29,12,7715,1102,-357,-4.4
Canada,2026-04-30,2026-04-23,2026-04-30,12,7783,1112,-138,-1.7
Canada,2026-05-01,2026-04-24,2026-05-01,12,8278,1183,291,3.6
Canada,2026-05-02,2026-04-25,2026-05-02,12,8260,1180,137,1.7
Canada,2026-05-03,2026-04-26,2026-05-03,12,8825,1261,702,8.6
Canada,2026-05-04,2026-04-27,2026-05-04,12,9102,1300,1344,17.3
Canada,2026-05-05,2026-04-28,2026-05-05,12,8999,1286,1284,16.6
Canada,2026-05-06,2026-04-29,2026-05-06,12,8637,1234,854,11
Canada,2026-05-07,2026-04-30,2026-05-07,12,8000,1143,-278,-3.4
Canada,2026-05-08,2026-05-01,2026-05-08,12,6507,930,-1753,-21.2
Canada,2026-05-09,2026-05-02,2026-05-09,12,7789,1113,-1036,-11.7
Canada,2026-05-10,2026-05-03,2026-05-10,12,7994,1142,-1108,-12.2
Canada,2026-05-11,2026-05-04,2026-05-11,12,8058,1151,-941,-10.5
Canada,2026-05-12,2026-05-05,2026-05-12,12,7695,1099,-942,-10.9
Canada,2026-05-13,2026-05-06,2026-05-13,12,8031,1147,31,0.4
Canada,2026-05-14,2026-05-07,2026-05-14,12,8192,1170,1685,25.9
Canada,2026-05-15,2026-05-08,2026-05-15,12,8272,1182,483,6.2
Canada,2026-05-16,2026-05-09,2026-05-16,13,8225,1175,231,2.9
Canada,2026-05-17,2026-05-10,2026-05-17,13,8493,1213,435,5.4
Canada,2026-05-18,2026-05-11,2026-05-18,13,8610,1230,915,11.9
Canada,2026-05-19,2026-05-12,2026-05-19,12,8138,1163,107,1.3
Canada,2026-05-20,2026-05-13,2026-05-20,12,7858,1123,-334,-4.1
Canada,2026-05-21,2026-05-14,2026-05-21,12,7970,1139,-302,-3.7
Canada,2026-05-22,2026-05-15,2026-05-22,12,8022,1146,-203,-2.5
Canada,2026-05-23,2026-05-16,2026-05-23,12,8174,1168,-319,-3.8
Canada,2026-05-24,2026-05-17,2026-05-24,12,8772,1253,162,1.9
Canada,2026-05-25,2026-05-18,2026-05-25,12,8780,1254,642,7.9
Canada,2026-05-26,2026-05-19,2026-05-26,12,8607,1230,749,9.5
Canada,2026-05-27,2026-05-20,2026-05-27,12,8813,1259,843,10.6
Canada,2026-05-28,2026-05-21,2026-05-28,12,8895,1271,873,10.9
Canada,2026-05-29,2026-05-22,2026-05-29,12,7320,1046,-854,-10.4
Canada,2026-05-30,2026-05-23,2026-05-30,13,9047,1292,275,3.1
Canada,2026-05-31,2026-05-24,2026-05-31,13,9963,1423,1183,13.5
France,2026-04-07,2026-03-31,2026-04-07,8,11397,1628,,
France,2026-04-08,2026-04-01,2026-04-08,8,9640,1377,,
France,2026-04-13,2026-04-06,2026-04-13,9,10590,1513,-807,-7.1
France,2026-04-15,2026-04-08,2026-04-15,11,8098,1157,-1542,-16
France,2026-04-16,2026-04-09,2026-04-16,11,8055,1151,-1585,-16.4
France,2026-04-17,2026-04-10,2026-04-17,11,9627,1375,,
France,2026-04-18,2026-04-11,2026-04-18,11,9475,1354,,
France,2026-04-19,2026-04-12,2026-04-19,11,9774,1396,-816,-7.7
France,2026-04-20,2026-04-13,2026-04-20,11,9711,1387,-879,-8.3
France,2026-04-21,2026-04-14,2026-04-21,11,9286,1327,1188,14.7
France,2026-04-22,2026-04-15,2026-04-22,11,9146,1307,1091,13.5
France,2026-04-23,2026-04-16,2026-04-23,11,9132,1305,-495,-5.1
France,2026-04-24,2026-04-17,2026-04-24,11,8938,1277,-537,-5.7
France,2026-04-25,2026-04-18,2026-04-25,11,8816,1259,-958,-9.8
France,2026-04-26,2026-04-19,2026-04-26,11,8958,1280,-753,-7.8
France,2026-04-27,2026-04-20,2026-04-27,11,9022,1289,-264,-2.8
France,2026-04-28,2026-04-21,2026-04-28,11,8717,1245,-429,-4.7
France,2026-04-29,2026-04-22,2026-04-29,11,8679,1240,-453,-5
France,2026-04-30,2026-04-23,2026-04-30,11,8730,1247,-208,-2.3
France,2026-05-01,2026-04-24,2026-05-01,11,9373,1339,557,6.3
France,2026-05-02,2026-04-25,2026-05-02,11,9654,1379,696,7.8
France,2026-05-03,2026-04-26,2026-05-03,10,10035,1434,1013,11.2
France,2026-05-04,2026-04-27,2026-05-04,11,10094,1442,1377,15.8
France,2026-05-05,2026-04-28,2026-05-05,11,9579,1368,900,10.4
France,2026-05-06,2026-04-29,2026-05-06,11,9739,1391,1009,11.6
France,2026-05-07,2026-04-30,2026-05-07,11,9270,1324,-103,-1.1
France,2026-05-08,2026-05-01,2026-05-08,11,7486,1069,-2168,-22.5
France,2026-05-09,2026-05-02,2026-05-09,10,9601,1372,-434,-4.3
France,2026-05-10,2026-05-03,2026-05-10,10,9559,1366,-535,-5.3
France,2026-05-11,2026-05-04,2026-05-11,10,9756,1394,177,1.8
France,2026-05-12,2026-05-05,2026-05-12,10,9190,1313,-549,-5.6
France,2026-05-13,2026-05-06,2026-05-13,10,9215,1316,-55,-0.6
France,2026-05-14,2026-05-07,2026-05-14,11,9039,1291,1553,20.7
France,2026-05-15,2026-05-08,2026-05-15,11,8817,1260,-784,-8.2
France,2026-05-16,2026-05-09,2026-05-16,12,8863,1266,-696,-7.3
France,2026-05-17,2026-05-10,2026-05-17,12,9046,1292,-710,-7.3
France,2026-05-18,2026-05-11,2026-05-18,12,9055,1294,-135,-1.5
France,2026-05-19,2026-05-12,2026-05-19,11,8660,1237,-555,-6
France,2026-05-20,2026-05-13,2026-05-20,11,8775,1254,-264,-2.9
France,2026-05-21,2026-05-14,2026-05-21,11,8965,1281,148,1.7
France,2026-05-22,2026-05-15,2026-05-22,10,9516,1359,653,7.4
France,2026-05-23,2026-05-16,2026-05-23,10,9504,1358,458,5.1
France,2026-05-24,2026-05-17,2026-05-24,9,10153,1450,1098,12.1
France,2026-05-25,2026-05-18,2026-05-25,10,10127,1447,1467,16.9
France,2026-05-26,2026-05-19,2026-05-26,10,9748,1393,973,11.1
France,2026-05-27,2026-05-20,2026-05-27,10,9460,1351,495,5.5
France,2026-05-28,2026-05-21,2026-05-28,10,9139,1306,-377,-4
France,2026-05-29,2026-05-22,2026-05-29,10,7614,1088,-1890,-19.9
France,2026-05-30,2026-05-23,2026-05-30,11,10169,1453,16,0.2
France,2026-05-31,2026-05-24,2026-05-31,10,11941,1706,1814,17.9
Germany,2026-04-07,2026-03-31,2026-04-07,5,13804,1972,,
Germany,2026-04-08,2026-04-01,2026-04-08,5,11723,1675,,
Germany,2026-04-13,2026-04-06,2026-04-13,5,12306,1758,-1498,-10.9
Germany,2026-04-15,2026-04-08,2026-04-15,5,9770,1396,-1953,-16.7
Germany,2026-04-16,2026-04-09,2026-04-16,5,9811,1402,-1912,-16.3
Germany,2026-04-17,2026-04-10,2026-04-17,5,12067,1724,,
Germany,2026-04-18,2026-04-11,2026-04-18,5,12192,1742,,
Germany,2026-04-19,2026-04-12,2026-04-19,5,12752,1822,446,3.6
Germany,2026-04-20,2026-04-13,2026-04-20,5,13069,1867,763,6.2
Germany,2026-04-21,2026-04-14,2026-04-21,5,12579,1797,2809,28.8
Germany,2026-04-22,2026-04-15,2026-04-22,5,12693,1813,2882,29.4
Germany,2026-04-23,2026-04-16,2026-04-23,5,12488,1784,421,3.5
Germany,2026-04-24,2026-04-17,2026-04-24,5,12259,1751,67,0.5
Germany,2026-04-25,2026-04-18,2026-04-25,5,11965,1709,-787,-6.2
Germany,2026-04-26,2026-04-19,2026-04-26,5,11993,1713,-1076,-8.2
Germany,2026-04-27,2026-04-20,2026-04-27,5,12158,1737,-421,-3.3
Germany,2026-04-28,2026-04-21,2026-04-28,5,11634,1662,-1059,-8.3
Germany,2026-04-29,2026-04-22,2026-04-29,5,11694,1671,-794,-6.4
Germany,2026-04-30,2026-04-23,2026-04-30,5,11698,1671,-561,-4.6
Germany,2026-05-01,2026-04-24,2026-05-01,5,12339,1763,374,3.1
Germany,2026-05-02,2026-04-25,2026-05-02,5,12574,1796,581,4.8
Germany,2026-05-03,2026-04-26,2026-05-03,5,12707,1815,549,4.5
Germany,2026-05-04,2026-04-27,2026-05-04,5,12674,1811,1040,8.9
Germany,2026-05-05,2026-04-28,2026-05-05,5,12048,1721,354,3
Germany,2026-05-06,2026-04-29,2026-05-06,5,11713,1673,15,0.1
Germany,2026-05-07,2026-04-30,2026-05-07,6,10860,1551,-1479,-12
Germany,2026-05-08,2026-05-01,2026-05-08,6,8523,1218,-4051,-32.2
Germany,2026-05-09,2026-05-02,2026-05-09,8,10384,1483,-2323,-18.3
Germany,2026-05-10,2026-05-03,2026-05-10,8,10696,1528,-1978,-15.6
Germany,2026-05-11,2026-05-04,2026-05-11,7,10677,1525,-1371,-11.4
Germany,2026-05-12,2026-05-05,2026-05-12,8,10117,1445,-1596,-13.6
Germany,2026-05-13,2026-05-06,2026-05-13,9,9894,1413,-966,-8.9
Germany,2026-05-14,2026-05-07,2026-05-14,9,9916,1417,1393,16.3
Germany,2026-05-15,2026-05-08,2026-05-15,9,9969,1424,-415,-4
Germany,2026-05-16,2026-05-09,2026-05-16,10,9529,1361,-1167,-10.9
Germany,2026-05-17,2026-05-10,2026-05-17,10,9722,1389,-955,-8.9
Germany,2026-05-18,2026-05-11,2026-05-18,9,9956,1422,-161,-1.6
Germany,2026-05-19,2026-05-12,2026-05-19,8,9914,1416,20,0.2
Germany,2026-05-20,2026-05-13,2026-05-20,8,9926,1418,10,0.1
Germany,2026-05-21,2026-05-14,2026-05-21,7,10040,1434,71,0.7
Germany,2026-05-22,2026-05-15,2026-05-22,7,10526,1504,997,10.5
Germany,2026-05-23,2026-05-16,2026-05-23,7,10703,1529,981,10.1
Germany,2026-05-24,2026-05-17,2026-05-24,7,11262,1609,1306,13.1
Germany,2026-05-25,2026-05-18,2026-05-25,6,11536,1648,1622,16.4
Germany,2026-05-26,2026-05-19,2026-05-26,6,11478,1640,1552,15.6
Germany,2026-05-27,2026-05-20,2026-05-27,6,11656,1665,1616,16.1
Germany,2026-05-28,2026-05-21,2026-05-28,6,12053,1722,1527,14.5
Germany,2026-05-29,2026-05-22,2026-05-29,6,10115,1445,-588,-5.5
Germany,2026-05-30,2026-05-23,2026-05-30,5,13403,1915,2141,19
Germany,2026-05-31,2026-05-24,2026-05-31,5,14942,2135,3406,29.5
India,2026-05-15,2026-05-08,2026-05-15,13,5329,761,,
India,2026-05-16,2026-05-09,2026-05-16,5,11962,1709,,
India,2026-05-17,2026-05-10,2026-05-17,5,11999,1714,,
India,2026-05-18,2026-05-11,2026-05-18,5,13962,1995,,
India,2026-05-19,2026-05-12,2026-05-19,13,7972,1139,,
India,2026-05-30,2026-05-23,2026-05-30,12,9962,1423,,
India,2026-05-31,2026-05-24,2026-05-31,6,14105,2015,,
Indonesia,2026-04-07,2026-03-31,2026-04-07,11,9398,1343,,
Indonesia,2026-04-08,2026-04-01,2026-04-08,11,7776,1111,,
Indonesia,2026-04-13,2026-04-06,2026-04-13,10,10311,1473,913,9.7
Indonesia,2026-04-15,2026-04-08,2026-04-15,10,8175,1168,399,5.1
Indonesia,2026-04-16,2026-04-09,2026-04-16,10,8336,1191,560,7.2
Indonesia,2026-04-17,2026-04-10,2026-04-17,10,10313,1473,,
Indonesia,2026-04-18,2026-04-11,2026-04-18,10,10245,1464,,
Indonesia,2026-04-19,2026-04-12,2026-04-19,10,10402,1486,91,0.9
Indonesia,2026-04-20,2026-04-13,2026-04-20,9,10329,1476,18,0.2
Indonesia,2026-04-21,2026-04-14,2026-04-21,9,10043,1435,1868,22.9
Indonesia,2026-04-22,2026-04-15,2026-04-22,9,9828,1404,1492,17.9
Indonesia,2026-04-23,2026-04-16,2026-04-23,9,9810,1401,-503,-4.9
Indonesia,2026-04-24,2026-04-17,2026-04-24,9,9640,1377,-605,-5.9
Indonesia,2026-04-25,2026-04-18,2026-04-25,9,9533,1362,-869,-8.4
Indonesia,2026-04-26,2026-04-19,2026-04-26,9,9620,1374,-709,-6.9
Indonesia,2026-04-27,2026-04-20,2026-04-27,10,9439,1348,-604,-6
Indonesia,2026-04-28,2026-04-21,2026-04-28,9,9298,1328,-530,-5.4
Indonesia,2026-04-29,2026-04-22,2026-04-29,9,9208,1315,-602,-6.1
Indonesia,2026-04-30,2026-04-23,2026-04-30,9,9319,1331,-321,-3.3
Indonesia,2026-05-01,2026-04-24,2026-05-01,10,9746,1392,213,2.2
Indonesia,2026-05-02,2026-04-25,2026-05-02,10,9827,1404,207,2.2
Indonesia,2026-05-03,2026-04-26,2026-05-03,11,10030,1433,591,6.3
Indonesia,2026-05-04,2026-04-27,2026-05-04,10,10189,1456,891,9.6
Indonesia,2026-05-05,2026-04-28,2026-05-05,10,10049,1436,841,9.1
Indonesia,2026-05-06,2026-04-29,2026-05-06,10,10035,1434,716,7.7
Indonesia,2026-05-07,2026-04-30,2026-05-07,9,9871,1410,125,1.3
Indonesia,2026-05-08,2026-05-01,2026-05-08,8,8319,1188,-1508,-15.3
Indonesia,2026-05-09,2026-05-02,2026-05-09,9,10282,1469,252,2.5
Indonesia,2026-05-10,2026-05-03,2026-05-10,9,10324,1475,135,1.3
Indonesia,2026-05-11,2026-05-04,2026-05-11,9,10239,1463,190,1.9
Indonesia,2026-05-12,2026-05-05,2026-05-12,9,9855,1408,-180,-1.8
Indonesia,2026-05-13,2026-05-06,2026-05-13,8,9924,1418,53,0.5
Indonesia,2026-05-14,2026-05-07,2026-05-14,8,10028,1433,1709,20.5
Indonesia,2026-05-15,2026-05-08,2026-05-15,8,10067,1438,-215,-2.1
Indonesia,2026-05-16,2026-05-09,2026-05-16,9,9896,1414,-428,-4.1
Indonesia,2026-05-17,2026-05-10,2026-05-17,9,9993,1428,-246,-2.4
Indonesia,2026-05-18,2026-05-11,2026-05-18,10,9877,1411,22,0.2
Indonesia,2026-05-19,2026-05-12,2026-05-19,10,9435,1348,-489,-4.9
Indonesia,2026-05-20,2026-05-13,2026-05-20,10,9178,1311,-850,-8.5
Indonesia,2026-05-21,2026-05-14,2026-05-21,10,9078,1297,-989,-9.8
Indonesia,2026-05-22,2026-05-15,2026-05-22,11,9410,1344,-486,-4.9
Indonesia,2026-05-23,2026-05-16,2026-05-23,11,9337,1334,-656,-6.6
Indonesia,2026-05-24,2026-05-17,2026-05-24,11,9327,1332,-550,-5.6
Indonesia,2026-05-25,2026-05-18,2026-05-25,11,9188,1313,-247,-2.6
Indonesia,2026-05-26,2026-05-19,2026-05-26,11,8993,1285,-185,-2
Indonesia,2026-05-27,2026-05-20,2026-05-27,11,9118,1303,40,0.4
Indonesia,2026-05-28,2026-05-21,2026-05-28,11,8902,1272,-508,-5.4
Indonesia,2026-05-29,2026-05-22,2026-05-29,11,7437,1062,-1900,-20.3
Indonesia,2026-05-30,2026-05-23,2026-05-30,10,10266,1467,939,10.1
Indonesia,2026-05-31,2026-05-24,2026-05-31,11,11154,1593,1966,21.4
Japan,2026-04-07,2026-03-31,2026-04-07,1,259058,37008,,
Japan,2026-04-08,2026-04-01,2026-04-08,1,224644,32092,,
Japan,2026-04-13,2026-04-06,2026-04-13,1,248956,35565,-10102,-3.9
Japan,2026-04-15,2026-04-08,2026-04-15,1,199015,28431,-25629,-11.4
Japan,2026-04-16,2026-04-09,2026-04-16,1,197471,28210,-27173,-12.1
Japan,2026-04-17,2026-04-10,2026-04-17,1,234025,33432,,
Japan,2026-04-18,2026-04-11,2026-04-18,1,226767,32395,,
Japan,2026-04-19,2026-04-12,2026-04-19,1,226305,32329,-22651,-9.1
Japan,2026-04-20,2026-04-13,2026-04-20,1,227011,32430,-21945,-8.8
Japan,2026-04-21,2026-04-14,2026-04-21,1,220772,31539,21757,10.9
Japan,2026-04-22,2026-04-15,2026-04-22,1,218069,31153,20598,10.4
Japan,2026-04-23,2026-04-16,2026-04-23,1,216666,30952,-17359,-7.4
Japan,2026-04-24,2026-04-17,2026-04-24,1,213818,30545,-12949,-5.7
Japan,2026-04-25,2026-04-18,2026-04-25,1,208485,29784,-17820,-7.9
Japan,2026-04-26,2026-04-19,2026-04-26,1,211338,30191,-15673,-6.9
Japan,2026-04-27,2026-04-20,2026-04-27,1,214428,30633,-6344,-2.9
Japan,2026-04-28,2026-04-21,2026-04-28,1,211369,30196,-6700,-3.1
Japan,2026-04-29,2026-04-22,2026-04-29,1,211657,30237,-5009,-2.3
Japan,2026-04-30,2026-04-23,2026-04-30,1,215716,30817,1898,0.9
Japan,2026-05-01,2026-04-24,2026-05-01,1,236876,33839,28391,13.6
Japan,2026-05-02,2026-04-25,2026-05-02,1,243582,34797,32244,15.3
Japan,2026-05-03,2026-04-26,2026-05-03,1,261963,37423,47535,22.2
Japan,2026-05-04,2026-04-27,2026-05-04,1,268242,38320,56873,26.9
Japan,2026-05-05,2026-04-28,2026-05-05,1,269844,38549,58187,27.5
Japan,2026-05-06,2026-04-29,2026-05-06,1,260868,37267,45152,20.9
Japan,2026-05-07,2026-04-30,2026-05-07,1,241658,34523,4782,2
Japan,2026-05-08,2026-05-01,2026-05-08,1,195704,27958,-47878,-19.7
Japan,2026-05-09,2026-05-02,2026-05-09,1,223819,31974,-38144,-14.6
Japan,2026-05-10,2026-05-03,2026-05-10,1,228669,32667,-39573,-14.8
Japan,2026-05-11,2026-05-04,2026-05-11,1,231261,33037,-38583,-14.3
Japan,2026-05-12,2026-05-05,2026-05-12,1,227920,32560,-32948,-12.6
Japan,2026-05-13,2026-05-06,2026-05-13,1,229070,32724,-12588,-5.2
Japan,2026-05-14,2026-05-07,2026-05-14,1,231591,33084,35887,18.3
Japan,2026-05-15,2026-05-08,2026-05-15,1,251097,35871,27278,12.2
Japan,2026-05-16,2026-05-09,2026-05-16,1,278366,39767,49697,21.7
Japan,2026-05-17,2026-05-10,2026-05-17,1,303882,43412,72621,31.4
Japan,2026-05-18,2026-05-11,2026-05-18,1,336273,48039,108353,47.5
Japan,2026-05-19,2026-05-12,2026-05-19,1,322130,46019,93060,40.6
Japan,2026-05-20,2026-05-13,2026-05-20,1,306278,43754,74687,32.2
Japan,2026-05-21,2026-05-14,2026-05-21,1,284666,40667,33569,13.4
Japan,2026-05-22,2026-05-15,2026-05-22,1,264665,37809,-13701,-4.9
Japan,2026-05-23,2026-05-16,2026-05-23,1,235757,33680,-68125,-22.4
Japan,2026-05-24,2026-05-17,2026-05-24,1,219220,31317,-117053,-34.8
Japan,2026-05-25,2026-05-18,2026-05-25,1,219275,31325,-102855,-31.9
Japan,2026-05-26,2026-05-19,2026-05-26,1,218938,31277,-87340,-28.5
Japan,2026-05-27,2026-05-20,2026-05-27,1,223904,31986,-60762,-21.3
Japan,2026-05-28,2026-05-21,2026-05-28,1,228503,32643,-36162,-13.7
Japan,2026-05-29,2026-05-22,2026-05-29,1,191096,27299,-44661,-18.9
Japan,2026-05-30,2026-05-23,2026-05-30,1,235778,33683,16558,7.6
Japan,2026-05-31,2026-05-24,2026-05-31,1,253825,36261,34550,15.8
Malaysia,2026-05-20,2026-05-13,2026-05-20,15,4220,603,,
Malaysia,2026-05-21,2026-05-14,2026-05-21,15,4254,608,,
Mexico,2026-04-07,2026-03-31,2026-04-07,2,96678,13811,,
Mexico,2026-04-08,2026-04-01,2026-04-08,2,93341,13334,,
Mexico,2026-04-13,2026-04-06,2026-04-13,2,229095,32728,132417,137
Mexico,2026-04-15,2026-04-08,2026-04-15,2,134613,19230,41272,44.2
Mexico,2026-04-16,2026-04-09,2026-04-16,2,89248,12750,-4093,-4.4
Mexico,2026-04-17,2026-04-10,2026-04-17,3,53096,7585,,
Mexico,2026-04-18,2026-04-11,2026-04-18,3,44356,6337,,
Mexico,2026-04-19,2026-04-12,2026-04-19,3,33417,4774,-195678,-85.4
Mexico,2026-04-20,2026-04-13,2026-04-20,3,22520,3217,-206575,-90.2
Mexico,2026-04-21,2026-04-14,2026-04-21,3,20244,2892,-114369,-85
Mexico,2026-04-22,2026-04-15,2026-04-22,3,20656,2951,-68592,-76.9
Mexico,2026-04-23,2026-04-16,2026-04-23,3,20279,2897,-32817,-61.8
Mexico,2026-04-24,2026-04-17,2026-04-24,3,19921,2846,-24435,-55.1
Mexico,2026-04-25,2026-04-18,2026-04-25,3,19949,2850,-13468,-40.3
Mexico,2026-04-26,2026-04-19,2026-04-26,3,20252,2893,-2268,-10.1
Mexico,2026-04-27,2026-04-20,2026-04-27,3,20632,2947,388,1.9
Mexico,2026-04-28,2026-04-21,2026-04-28,3,19715,2816,-941,-4.6
Mexico,2026-04-29,2026-04-22,2026-04-29,3,19525,2789,-754,-3.7
Mexico,2026-04-30,2026-04-23,2026-04-30,3,19801,2829,-120,-0.6
Mexico,2026-05-01,2026-04-24,2026-05-01,3,22018,3145,2069,10.4
Mexico,2026-05-02,2026-04-25,2026-05-02,3,27354,3908,7102,35.1
Mexico,2026-05-03,2026-04-26,2026-05-03,3,31552,4507,10920,52.9
Mexico,2026-05-04,2026-04-27,2026-05-04,3,36873,5268,17158,87
Mexico,2026-05-05,2026-04-28,2026-05-05,3,40216,5745,20691,106
Mexico,2026-05-06,2026-04-29,2026-05-06,3,43864,6266,24063,121.5
Mexico,2026-05-07,2026-04-30,2026-05-07,3,45754,6536,23736,107.8
Mexico,2026-05-08,2026-05-01,2026-05-08,3,36838,5263,9484,34.7
Mexico,2026-05-09,2026-05-02,2026-05-09,3,46441,6634,14889,47.2
Mexico,2026-05-10,2026-05-03,2026-05-10,3,46806,6687,9933,26.9
Mexico,2026-05-11,2026-05-04,2026-05-11,3,47853,6836,7637,19
Mexico,2026-05-12,2026-05-05,2026-05-12,3,47395,6771,3531,8
Mexico,2026-05-13,2026-05-06,2026-05-13,3,48086,6869,2332,5.1
Mexico,2026-05-14,2026-05-07,2026-05-14,3,47677,6811,10839,29.4
Mexico,2026-05-15,2026-05-08,2026-05-15,3,60342,8620,13901,29.9
Mexico,2026-05-16,2026-05-09,2026-05-16,2,86430,12347,39624,84.7
Mexico,2026-05-17,2026-05-10,2026-05-17,2,101114,14445,53261,111.3
Mexico,2026-05-18,2026-05-11,2026-05-18,2,127539,18220,80144,169.1
Mexico,2026-05-19,2026-05-12,2026-05-19,2,110536,15791,62450,129.9
Mexico,2026-05-20,2026-05-13,2026-05-20,2,93633,13376,45956,96.4
Mexico,2026-05-21,2026-05-14,2026-05-21,3,76125,10875,15783,26.2
Mexico,2026-05-22,2026-05-15,2026-05-22,3,58399,8343,-28031,-32.4
Mexico,2026-05-23,2026-05-16,2026-05-23,3,39351,5622,-61763,-61.1
Mexico,2026-05-24,2026-05-17,2026-05-24,3,21614,3088,-105925,-83.1
Mexico,2026-05-25,2026-05-18,2026-05-25,3,20269,2896,-90267,-81.7
Mexico,2026-05-26,2026-05-19,2026-05-26,3,19497,2785,-74136,-79.2
Mexico,2026-05-27,2026-05-20,2026-05-27,4,19316,2759,-56809,-74.6
Mexico,2026-05-28,2026-05-21,2026-05-28,4,19329,2761,-39070,-66.9
Mexico,2026-05-29,2026-05-22,2026-05-29,4,16099,2300,-23252,-59.1
Mexico,2026-05-30,2026-05-23,2026-05-30,4,25640,3663,4026,18.6
Mexico,2026-05-31,2026-05-24,2026-05-31,4,30709,4387,10440,51.5
Philippines,2026-04-07,2026-03-31,2026-04-07,14,5248,750,,
Philippines,2026-04-08,2026-04-01,2026-04-08,15,4216,602,,
Philippines,2026-04-15,2026-04-08,2026-04-15,15,4150,593,-66,-1.6
Philippines,2026-04-16,2026-04-09,2026-04-16,13,4411,630,195,4.6
Philippines,2026-04-17,2026-04-10,2026-04-17,13,5391,770,,
Philippines,2026-04-18,2026-04-11,2026-04-18,13,5451,779,,
Philippines,2026-04-19,2026-04-12,2026-04-19,13,5471,782,,
Philippines,2026-04-20,2026-04-13,2026-04-20,13,5304,758,,
Philippines,2026-04-21,2026-04-14,2026-04-21,13,5227,747,1077,26
Philippines,2026-04-22,2026-04-15,2026-04-22,14,4757,680,346,7.8
Philippines,2026-04-23,2026-04-16,2026-04-23,13,4911,702,-480,-8.9
Philippines,2026-04-24,2026-04-17,2026-04-24,13,4984,712,-467,-8.6
Philippines,2026-04-25,2026-04-18,2026-04-25,13,5073,725,-398,-7.3
Philippines,2026-04-26,2026-04-19,2026-04-26,13,5091,727,-213,-4
Philippines,2026-04-27,2026-04-20,2026-04-27,13,5204,743,-23,-0.4
Philippines,2026-04-28,2026-04-21,2026-04-28,13,5453,779,696,14.6
Philippines,2026-04-29,2026-04-22,2026-04-29,13,5043,720,132,2.7
Philippines,2026-04-30,2026-04-23,2026-04-30,13,5048,721,64,1.3
Philippines,2026-05-01,2026-04-24,2026-05-01,13,5270,753,197,3.9
Philippines,2026-05-02,2026-04-25,2026-05-02,13,5367,767,276,5.4
Philippines,2026-05-03,2026-04-26,2026-05-03,13,5326,761,122,2.3
Philippines,2026-05-04,2026-04-27,2026-05-04,14,5072,725,-381,-7
Philippines,2026-05-05,2026-04-28,2026-05-05,13,5186,741,143,2.8
Philippines,2026-05-06,2026-04-29,2026-05-06,13,4910,701,-138,-2.7
Philippines,2026-05-07,2026-04-30,2026-05-07,13,4734,676,-536,-10.2
Philippines,2026-05-08,2026-05-01,2026-05-08,13,3829,547,-1538,-28.7
Philippines,2026-05-09,2026-05-02,2026-05-09,13,4775,682,-551,-10.3
Philippines,2026-05-10,2026-05-03,2026-05-10,13,4982,712,-90,-1.8
Philippines,2026-05-11,2026-05-04,2026-05-11,13,4939,706,-247,-4.8
Philippines,2026-05-12,2026-05-05,2026-05-12,13,5010,716,100,2
Philippines,2026-05-13,2026-05-06,2026-05-13,13,4823,689,89,1.9
Philippines,2026-05-14,2026-05-07,2026-05-14,13,4850,693,1021,26.7
Philippines,2026-05-15,2026-05-08,2026-05-15,14,4864,695,89,1.9
Philippines,2026-05-16,2026-05-09,2026-05-16,14,4852,693,-130,-2.6
Philippines,2026-05-17,2026-05-10,2026-05-17,14,4769,681,-170,-3.4
Philippines,2026-05-18,2026-05-11,2026-05-18,15,4629,661,-381,-7.6
Philippines,2026-05-19,2026-05-12,2026-05-19,14,4773,682,-50,-1
Philippines,2026-05-20,2026-05-13,2026-05-20,13,4766,681,-84,-1.7
Philippines,2026-05-21,2026-05-14,2026-05-21,13,4712,673,-152,-3.1
Philippines,2026-05-22,2026-05-15,2026-05-22,15,4558,651,-294,-6.1
Philippines,2026-05-23,2026-05-16,2026-05-23,13,4842,692,73,1.5
Philippines,2026-05-24,2026-05-17,2026-05-24,14,4895,699,266,5.7
Philippines,2026-05-25,2026-05-18,2026-05-25,15,4741,677,-32,-0.7
Russia,2026-04-07,2026-03-31,2026-04-07,13,5848,835,,
Russia,2026-04-08,2026-04-01,2026-04-08,13,5010,716,,
Russia,2026-04-13,2026-04-06,2026-04-13,13,5554,793,-294,-5
Russia,2026-04-15,2026-04-08,2026-04-15,13,4487,641,-523,-10.4
Russia,2026-04-16,2026-04-09,2026-04-16,14,4392,627,-618,-12.3
Russia,2026-04-17,2026-04-10,2026-04-17,14,5250,750,,
Russia,2026-04-18,2026-04-11,2026-04-18,14,5171,739,,
Russia,2026-04-19,2026-04-12,2026-04-19,15,4984,712,-570,-10.3
Russia,2026-04-20,2026-04-13,2026-04-20,14,5064,723,-490,-8.8
Russia,2026-04-21,2026-04-14,2026-04-21,14,4988,713,501,11.2
Russia,2026-04-22,2026-04-15,2026-04-22,13,4942,706,550,12.5
Russia,2026-04-23,2026-04-16,2026-04-23,14,4886,698,-364,-6.9
Russia,2026-04-24,2026-04-17,2026-04-24,14,4791,684,-380,-7.3
Russia,2026-04-25,2026-04-18,2026-04-25,14,4732,676,-252,-5.1
Russia,2026-04-26,2026-04-19,2026-04-26,14,4657,665,-407,-8
Russia,2026-04-27,2026-04-20,2026-04-27,14,4920,703,-68,-1.4
Russia,2026-04-28,2026-04-21,2026-04-28,14,4870,696,-72,-1.5
Russia,2026-04-29,2026-04-22,2026-04-29,14,4843,692,-43,-0.9
Russia,2026-04-30,2026-04-23,2026-04-30,14,4766,681,-25,-0.5
Russia,2026-05-01,2026-04-24,2026-05-01,14,5177,740,445,9.4
Russia,2026-05-02,2026-04-25,2026-05-02,14,5137,734,480,10.3
Russia,2026-05-03,2026-04-26,2026-05-03,15,4970,710,50,1
Russia,2026-05-04,2026-04-27,2026-05-04,15,4981,712,111,2.3
Russia,2026-05-05,2026-04-28,2026-05-05,15,4842,692,-1,0
Russia,2026-05-06,2026-04-29,2026-05-06,15,4577,654,-189,-4
Russia,2026-05-13,2026-05-06,2026-05-13,15,4422,632,-155,-3.4
Russia,2026-05-22,2026-05-15,2026-05-22,14,4603,658,,
Russia,2026-05-23,2026-05-16,2026-05-23,14,4821,689,,
Russia,2026-05-24,2026-05-17,2026-05-24,13,4908,701,,
Russia,2026-05-25,2026-05-18,2026-05-25,13,4990,713,,
Russia,2026-05-26,2026-05-19,2026-05-26,13,5137,734,,
Russia,2026-05-27,2026-05-20,2026-05-27,13,5258,751,,
Russia,2026-05-28,2026-05-21,2026-05-28,13,5224,746,621,13.5
Russia,2026-05-29,2026-05-22,2026-05-29,13,4290,613,-531,-11
Russia,2026-05-30,2026-05-23,2026-05-30,14,5465,781,557,11.3
Russia,2026-05-31,2026-05-24,2026-05-31,14,5815,831,825,16.5
South Korea,2026-04-07,2026-03-31,2026-04-07,10,10690,1527,,
South Korea,2026-04-08,2026-04-01,2026-04-08,10,8904,1272,,
South Korea,2026-04-13,2026-04-06,2026-04-13,11,10197,1457,-493,-4.6
South Korea,2026-04-15,2026-04-08,2026-04-15,9,8472,1210,-432,-4.9
South Korea,2026-04-16,2026-04-09,2026-04-16,9,8507,1215,-397,-4.5
South Korea,2026-04-17,2026-04-10,2026-04-17,9,10783,1540,,
South Korea,2026-04-18,2026-04-11,2026-04-18,7,11195,1599,,
South Korea,2026-04-19,2026-04-12,2026-04-19,7,11651,1664,1454,14.3
South Korea,2026-04-20,2026-04-13,2026-04-20,8,11165,1595,968,9.5
South Korea,2026-04-21,2026-04-14,2026-04-21,8,10728,1533,2256,26.6
South Korea,2026-04-22,2026-04-15,2026-04-22,8,10502,1500,1995,23.5
South Korea,2026-04-23,2026-04-16,2026-04-23,8,10103,1443,-680,-6.3
South Korea,2026-04-24,2026-04-17,2026-04-24,8,9687,1384,-1508,-13.5
South Korea,2026-04-25,2026-04-18,2026-04-25,8,9576,1368,-2075,-17.8
South Korea,2026-04-26,2026-04-19,2026-04-26,8,9696,1385,-1469,-13.2
South Korea,2026-04-27,2026-04-20,2026-04-27,9,9550,1364,-1178,-11
South Korea,2026-04-28,2026-04-21,2026-04-28,8,9379,1340,-1123,-10.7
South Korea,2026-04-29,2026-04-22,2026-04-29,8,9240,1320,-863,-8.5
South Korea,2026-04-30,2026-04-23,2026-04-30,8,9521,1360,-166,-1.7
South Korea,2026-05-01,2026-04-24,2026-05-01,9,9914,1416,338,3.5
South Korea,2026-05-02,2026-04-25,2026-05-02,9,10201,1457,505,5.2
South Korea,2026-05-03,2026-04-26,2026-05-03,9,10827,1547,1277,13.4
South Korea,2026-05-04,2026-04-27,2026-05-04,9,10707,1530,1328,14.2
South Korea,2026-05-05,2026-04-28,2026-05-05,9,10835,1548,1595,17.3
South Korea,2026-05-06,2026-04-29,2026-05-06,9,10472,1496,951,10
South Korea,2026-05-07,2026-04-30,2026-05-07,8,10171,1453,257,2.6
South Korea,2026-05-08,2026-05-01,2026-05-08,7,8338,1191,-1863,-18.3
South Korea,2026-05-09,2026-05-02,2026-05-09,6,10531,1504,-296,-2.7
South Korea,2026-05-10,2026-05-03,2026-05-10,7,10828,1547,121,1.1
South Korea,2026-05-11,2026-05-04,2026-05-11,8,10625,1518,-210,-1.9
South Korea,2026-05-12,2026-05-05,2026-05-12,7,10787,1541,315,3
South Korea,2026-05-13,2026-05-06,2026-05-13,7,10542,1506,371,3.6
South Korea,2026-05-14,2026-05-07,2026-05-14,7,10303,1472,1965,23.6
South Korea,2026-05-15,2026-05-08,2026-05-15,7,10382,1483,-149,-1.4
South Korea,2026-05-16,2026-05-09,2026-05-16,7,10407,1487,-421,-3.9
South Korea,2026-05-17,2026-05-10,2026-05-17,7,10678,1525,53,0.5
South Korea,2026-05-18,2026-05-11,2026-05-18,8,10251,1464,-536,-5
South Korea,2026-05-19,2026-05-12,2026-05-19,7,10103,1443,-439,-4.2
South Korea,2026-05-20,2026-05-13,2026-05-20,7,10111,1444,-192,-1.9
South Korea,2026-05-21,2026-05-14,2026-05-21,8,9788,1398,-594,-5.7
South Korea,2026-05-22,2026-05-15,2026-05-22,8,9768,1395,-639,-6.1
South Korea,2026-05-23,2026-05-16,2026-05-23,9,9757,1394,-921,-8.6
South Korea,2026-05-24,2026-05-17,2026-05-24,10,10085,1441,-166,-1.6
South Korea,2026-05-25,2026-05-18,2026-05-25,9,10146,1449,43,0.4
South Korea,2026-05-26,2026-05-19,2026-05-26,9,9834,1405,-277,-2.7
South Korea,2026-05-27,2026-05-20,2026-05-27,9,9950,1421,162,1.7
South Korea,2026-05-28,2026-05-21,2026-05-28,9,10054,1436,286,2.9
South Korea,2026-05-29,2026-05-22,2026-05-29,9,8323,1189,-1434,-14.7
South Korea,2026-05-30,2026-05-23,2026-05-30,9,10496,1499,411,4.1
South Korea,2026-05-31,2026-05-24,2026-05-31,12,11044,1578,898,8.9
Taiwan,2026-04-07,2026-03-31,2026-04-07,4,23197,3314,,
Taiwan,2026-04-08,2026-04-01,2026-04-08,4,19180,2740,,
Taiwan,2026-04-13,2026-04-06,2026-04-13,4,20913,2988,-2284,-9.8
Taiwan,2026-04-15,2026-04-08,2026-04-15,4,17000,2429,-2180,-11.4
Taiwan,2026-04-16,2026-04-09,2026-04-16,4,17293,2470,-1887,-9.8
Taiwan,2026-04-17,2026-04-10,2026-04-17,4,20742,2963,,
Taiwan,2026-04-18,2026-04-11,2026-04-18,4,20892,2985,,
Taiwan,2026-04-19,2026-04-12,2026-04-19,4,20519,2931,-394,-1.9
Taiwan,2026-04-20,2026-04-13,2026-04-20,4,19543,2792,-1370,-6.6
Taiwan,2026-04-21,2026-04-14,2026-04-21,4,19219,2746,2219,13.1
Taiwan,2026-04-22,2026-04-15,2026-04-22,4,18601,2657,1308,7.6
Taiwan,2026-04-23,2026-04-16,2026-04-23,4,17931,2562,-2811,-13.6
Taiwan,2026-04-24,2026-04-17,2026-04-24,4,17672,2525,-3220,-15.4
Taiwan,2026-04-25,2026-04-18,2026-04-25,4,17226,2461,-3293,-16
Taiwan,2026-04-26,2026-04-19,2026-04-26,4,17126,2447,-2417,-12.4
Taiwan,2026-04-27,2026-04-20,2026-04-27,4,16051,2293,-3168,-16.5
Taiwan,2026-04-28,2026-04-21,2026-04-28,4,15165,2166,-3436,-18.5
Taiwan,2026-04-29,2026-04-22,2026-04-29,4,15006,2144,-2925,-16.3
Taiwan,2026-04-30,2026-04-23,2026-04-30,4,14623,2089,-3049,-17.3
Taiwan,2026-05-01,2026-04-24,2026-05-01,4,14959,2137,-2267,-13.2
Taiwan,2026-05-02,2026-04-25,2026-05-02,4,14994,2142,-2132,-12.4
Taiwan,2026-05-03,2026-04-26,2026-05-03,4,15660,2237,-391,-2.4
Taiwan,2026-05-04,2026-04-27,2026-05-04,4,15697,2242,532,3.5
Taiwan,2026-05-05,2026-04-28,2026-05-05,4,15441,2206,435,2.9
Taiwan,2026-05-06,2026-04-29,2026-05-06,4,15070,2153,447,3.1
Taiwan,2026-05-07,2026-04-30,2026-05-07,4,14359,2051,-600,-4
Taiwan,2026-05-08,2026-05-01,2026-05-08,4,11696,1671,-3298,-22
Taiwan,2026-05-09,2026-05-02,2026-05-09,4,14321,2046,-1339,-8.6
Taiwan,2026-05-10,2026-05-03,2026-05-10,4,14739,2106,-958,-6.1
Taiwan,2026-05-11,2026-05-04,2026-05-11,4,14464,2066,-977,-6.3
Taiwan,2026-05-12,2026-05-05,2026-05-12,4,14300,2043,-770,-5.1
Taiwan,2026-05-13,2026-05-06,2026-05-13,4,14556,2079,197,1.4
Taiwan,2026-05-14,2026-05-07,2026-05-14,4,14939,2134,3243,27.7
Taiwan,2026-05-15,2026-05-08,2026-05-15,4,14583,2083,262,1.8
Taiwan,2026-05-16,2026-05-09,2026-05-16,4,14244,2035,-495,-3.4
Taiwan,2026-05-17,2026-05-10,2026-05-17,4,14638,2091,174,1.2
Taiwan,2026-05-18,2026-05-11,2026-05-18,4,14334,2048,34,0.2
Taiwan,2026-05-19,2026-05-12,2026-05-19,4,13820,1974,-736,-5.1
Taiwan,2026-05-20,2026-05-13,2026-05-20,4,13467,1924,-1472,-9.9
Taiwan,2026-05-21,2026-05-14,2026-05-21,4,13327,1904,-1256,-8.6
Taiwan,2026-05-22,2026-05-15,2026-05-22,4,13455,1922,-789,-5.5
Taiwan,2026-05-23,2026-05-16,2026-05-23,4,13442,1920,-1196,-8.2
Taiwan,2026-05-24,2026-05-17,2026-05-24,4,14670,2096,336,2.3
Taiwan,2026-05-25,2026-05-18,2026-05-25,4,15786,2255,1966,14.2
Taiwan,2026-05-26,2026-05-19,2026-05-26,4,16784,2398,3317,24.6
Taiwan,2026-05-27,2026-05-20,2026-05-27,3,19847,2835,6520,48.9
Taiwan,2026-05-28,2026-05-21,2026-05-28,3,20740,2963,7285,54.1
Taiwan,2026-05-29,2026-05-22,2026-05-29,3,17787,2541,4345,32.3
Taiwan,2026-05-30,2026-05-23,2026-05-30,3,32654,4665,17984,122.6
Taiwan,2026-05-31,2026-05-24,2026-05-31,3,39685,5669,23899,151.4
Thailand,2026-04-07,2026-03-31,2026-04-07,6,12767,1824,,
Thailand,2026-04-08,2026-04-01,2026-04-08,6,10572,1510,,
Thailand,2026-04-13,2026-04-06,2026-04-13,6,12253,1750,-514,-4
Thailand,2026-04-15,2026-04-08,2026-04-15,6,9726,1389,-846,-8
Thailand,2026-04-16,2026-04-09,2026-04-16,6,9482,1355,-1090,-10.3
Thailand,2026-04-17,2026-04-10,2026-04-17,7,10970,1567,,
Thailand,2026-04-18,2026-04-11,2026-04-18,8,11121,1589,,
Thailand,2026-04-19,2026-04-12,2026-04-19,8,11372,1625,-881,-7.2
Thailand,2026-04-20,2026-04-13,2026-04-20,7,11210,1601,-1043,-8.5
Thailand,2026-04-21,2026-04-14,2026-04-21,6,11392,1627,1666,17.1
Thailand,2026-04-22,2026-04-15,2026-04-22,6,11416,1631,1934,20.4
Thailand,2026-04-23,2026-04-16,2026-04-23,6,11376,1625,406,3.7
Thailand,2026-04-24,2026-04-17,2026-04-24,6,11155,1594,34,0.3
Thailand,2026-04-25,2026-04-18,2026-04-25,6,11012,1573,-360,-3.2
Thailand,2026-04-26,2026-04-19,2026-04-26,6,11157,1594,-53,-0.5
Thailand,2026-04-27,2026-04-20,2026-04-27,6,10955,1565,-437,-3.8
Thailand,2026-04-28,2026-04-21,2026-04-28,6,10885,1555,-531,-4.7
Thailand,2026-04-29,2026-04-22,2026-04-29,6,10977,1568,-399,-3.5
Thailand,2026-04-30,2026-04-23,2026-04-30,6,11053,1579,-102,-0.9
Thailand,2026-05-01,2026-04-24,2026-05-01,6,11423,1632,411,3.7
Thailand,2026-05-02,2026-04-25,2026-05-02,6,11586,1655,429,3.8
Thailand,2026-05-03,2026-04-26,2026-05-03,6,12019,1717,1064,9.7
Thailand,2026-05-04,2026-04-27,2026-05-04,6,12132,1733,1247,11.5
Thailand,2026-05-05,2026-04-28,2026-05-05,6,11938,1705,961,8.8
Thailand,2026-05-06,2026-04-29,2026-05-06,6,11708,1673,655,5.9
Thailand,2026-05-07,2026-04-30,2026-05-07,5,11520,1646,97,0.8
Thailand,2026-05-08,2026-05-01,2026-05-08,5,9418,1345,-2168,-18.7
Thailand,2026-05-09,2026-05-02,2026-05-09,5,11397,1628,-622,-5.2
Thailand,2026-05-10,2026-05-03,2026-05-10,5,11214,1602,-918,-7.6
Thailand,2026-05-11,2026-05-04,2026-05-11,6,11518,1645,-420,-3.5
Thailand,2026-05-12,2026-05-05,2026-05-12,5,11604,1658,-104,-0.9
Thailand,2026-05-13,2026-05-06,2026-05-13,5,11614,1659,94,0.8
Thailand,2026-05-14,2026-05-07,2026-05-14,5,11496,1642,2078,22.1
Thailand,2026-05-15,2026-05-08,2026-05-15,5,11772,1682,375,3.3
Thailand,2026-05-16,2026-05-09,2026-05-16,6,11836,1691,622,5.5
Thailand,2026-05-17,2026-05-10,2026-05-17,6,11963,1709,445,3.9
Thailand,2026-05-18,2026-05-11,2026-05-18,6,11910,1701,306,2.6
Thailand,2026-05-19,2026-05-12,2026-05-19,5,11758,1680,144,1.2
Thailand,2026-05-20,2026-05-13,2026-05-20,5,11849,1693,353,3.1
Thailand,2026-05-21,2026-05-14,2026-05-21,5,11951,1707,179,1.5
Thailand,2026-05-22,2026-05-15,2026-05-22,5,11771,1682,-65,-0.5
Thailand,2026-05-23,2026-05-16,2026-05-23,5,11558,1651,-405,-3.4
Thailand,2026-05-24,2026-05-17,2026-05-24,6,11451,1636,-459,-3.9
Thailand,2026-05-25,2026-05-18,2026-05-25,7,11401,1629,-357,-3
Thailand,2026-05-26,2026-05-19,2026-05-26,7,11337,1620,-512,-4.3
Thailand,2026-05-27,2026-05-20,2026-05-27,7,11297,1614,-654,-5.5
Thailand,2026-05-28,2026-05-21,2026-05-28,7,11785,1684,14,0.1
Thailand,2026-05-29,2026-05-22,2026-05-29,7,9918,1417,-1640,-14.2
Thailand,2026-05-30,2026-05-23,2026-05-30,7,12726,1818,1275,11.1
Thailand,2026-05-31,2026-05-24,2026-05-31,8,13080,1869,1679,14.7
United Kingdom,2026-04-07,2026-03-31,2026-04-07,9,11025,1575,,
United Kingdom,2026-04-08,2026-04-01,2026-04-08,9,9620,1374,,
United Kingdom,2026-04-13,2026-04-06,2026-04-13,8,10765,1538,-260,-2.4
United Kingdom,2026-04-15,2026-04-08,2026-04-15,8,8781,1254,-839,-8.7
United Kingdom,2026-04-16,2026-04-09,2026-04-16,8,9004,1286,-616,-6.4
United Kingdom,2026-04-17,2026-04-10,2026-04-17,8,10930,1561,,
United Kingdom,2026-04-18,2026-04-11,2026-04-18,9,10735,1534,,
United Kingdom,2026-04-19,2026-04-12,2026-04-19,9,10647,1521,-118,-1.1
United Kingdom,2026-04-20,2026-04-13,2026-04-20,10,10299,1471,-466,-4.3
United Kingdom,2026-04-21,2026-04-14,2026-04-21,10,9664,1381,883,10.1
United Kingdom,2026-04-22,2026-04-15,2026-04-22,10,9485,1355,481,5.3
United Kingdom,2026-04-23,2026-04-16,2026-04-23,10,9384,1341,-1546,-14.1
United Kingdom,2026-04-24,2026-04-17,2026-04-24,10,9385,1341,-1350,-12.6
United Kingdom,2026-04-25,2026-04-18,2026-04-25,10,9293,1328,-1354,-12.7
United Kingdom,2026-04-26,2026-04-19,2026-04-26,10,9590,1370,-709,-6.9
United Kingdom,2026-04-27,2026-04-20,2026-04-27,8,9608,1373,-56,-0.6
United Kingdom,2026-04-28,2026-04-21,2026-04-28,10,9072,1296,-413,-4.4
United Kingdom,2026-04-29,2026-04-22,2026-04-29,10,9014,1288,-370,-3.9
United Kingdom,2026-04-30,2026-04-23,2026-04-30,10,9024,1289,-361,-3.8
United Kingdom,2026-05-01,2026-04-24,2026-05-01,8,10202,1457,909,9.8
United Kingdom,2026-05-02,2026-04-25,2026-05-02,8,10576,1511,986,10.3
United Kingdom,2026-05-03,2026-04-26,2026-05-03,8,11246,1607,1638,17
United Kingdom,2026-05-04,2026-04-27,2026-05-04,8,11390,1627,2318,25.6
United Kingdom,2026-05-05,2026-04-28,2026-05-05,8,11163,1595,2149,23.8
United Kingdom,2026-05-06,2026-04-29,2026-05-06,8,10709,1530,1685,18.7
United Kingdom,2026-05-07,2026-04-30,2026-05-07,10,9556,1365,-646,-6.3
United Kingdom,2026-05-08,2026-05-01,2026-05-08,10,7593,1085,-2983,-28.2
United Kingdom,2026-05-09,2026-05-02,2026-05-09,11,9091,1299,-2155,-19.2
United Kingdom,2026-05-10,2026-05-03,2026-05-10,11,9226,1318,-2164,-19
United Kingdom,2026-05-11,2026-05-04,2026-05-11,11,9327,1332,-1836,-16.4
United Kingdom,2026-05-12,2026-05-05,2026-05-12,11,9163,1309,-1546,-14.4
United Kingdom,2026-05-13,2026-05-06,2026-05-13,11,9098,1300,-458,-4.8
United Kingdom,2026-05-14,2026-05-07,2026-05-14,10,9264,1323,1671,22
United Kingdom,2026-05-15,2026-05-08,2026-05-15,10,9262,1323,171,1.9
United Kingdom,2026-05-16,2026-05-09,2026-05-16,11,9402,1343,176,1.9
United Kingdom,2026-05-17,2026-05-10,2026-05-17,11,9614,1373,287,3.1
United Kingdom,2026-05-18,2026-05-11,2026-05-18,11,9845,1406,682,7.4
United Kingdom,2026-05-19,2026-05-12,2026-05-19,9,9729,1390,631,6.9
United Kingdom,2026-05-20,2026-05-13,2026-05-20,9,9449,1350,185,2
United Kingdom,2026-05-21,2026-05-14,2026-05-21,9,9389,1341,127,1.4
United Kingdom,2026-05-22,2026-05-15,2026-05-22,9,9716,1388,314,3.3
United Kingdom,2026-05-23,2026-05-16,2026-05-23,8,10063,1438,449,4.7
United Kingdom,2026-05-24,2026-05-17,2026-05-24,8,10439,1491,594,6
United Kingdom,2026-05-25,2026-05-18,2026-05-25,8,10735,1534,1006,10.3
United Kingdom,2026-05-26,2026-05-19,2026-05-26,8,10630,1519,1181,12.5
United Kingdom,2026-05-27,2026-05-20,2026-05-27,8,10782,1540,1393,14.8
United Kingdom,2026-05-28,2026-05-21,2026-05-28,8,10434,1491,718,7.4
United Kingdom,2026-05-29,2026-05-22,2026-05-29,8,8404,1201,-1659,-16.5
United Kingdom,2026-05-30,2026-05-23,2026-05-30,8,10975,1568,536,5.1
United Kingdom,2026-05-31,2026-05-24,2026-05-31,9,12647,1807,1912,17.8
United States,2026-04-07,2026-03-31,2026-04-07,3,94065,13438,,
United States,2026-04-08,2026-04-01,2026-04-08,3,80112,11445,,
United States,2026-04-13,2026-04-06,2026-04-13,3,92241,13177,-1824,-1.9
United States,2026-04-15,2026-04-08,2026-04-15,3,73935,10562,-6177,-7.7
United States,2026-04-16,2026-04-09,2026-04-16,3,72663,10380,-7449,-9.3
United States,2026-04-17,2026-04-10,2026-04-17,2,86109,12301,,
United States,2026-04-18,2026-04-11,2026-04-18,2,85310,12187,,
United States,2026-04-19,2026-04-12,2026-04-19,2,87016,12431,-5225,-5.7
United States,2026-04-20,2026-04-13,2026-04-20,2,87614,12516,-4627,-5
United States,2026-04-21,2026-04-14,2026-04-21,2,84312,12045,10377,14
United States,2026-04-22,2026-04-15,2026-04-22,2,83667,11952,11004,15.1
United States,2026-04-23,2026-04-16,2026-04-23,2,83537,11934,-2572,-3
United States,2026-04-24,2026-04-17,2026-04-24,2,83132,11876,-2178,-2.6
United States,2026-04-25,2026-04-18,2026-04-25,2,82818,11831,-4198,-4.8
United States,2026-04-26,2026-04-19,2026-04-26,2,84738,12105,-2876,-3.3
United States,2026-04-27,2026-04-20,2026-04-27,2,85494,12213,1182,1.4
United States,2026-04-28,2026-04-21,2026-04-28,2,82410,11773,-1257,-1.5
United States,2026-04-29,2026-04-22,2026-04-29,2,81151,11593,-2386,-2.9
United States,2026-04-30,2026-04-23,2026-04-30,2,80588,11513,-2544,-3.1
United States,2026-05-01,2026-04-24,2026-05-01,2,85128,12161,2310,2.8
United States,2026-05-02,2026-04-25,2026-05-02,2,86728,12390,1990,2.3
United States,2026-05-03,2026-04-26,2026-05-03,2,93626,13375,8132,9.5
United States,2026-05-04,2026-04-27,2026-05-04,2,94956,13565,12546,15.2
United States,2026-05-05,2026-04-28,2026-05-05,2,92798,13257,11647,14.4
United States,2026-05-06,2026-04-29,2026-05-06,2,90444,12921,9856,12.2
United States,2026-05-07,2026-04-30,2026-05-07,2,85621,12232,493,0.6
United States,2026-05-08,2026-05-01,2026-05-08,2,69442,9920,-17286,-19.9
United States,2026-05-09,2026-05-02,2026-05-09,2,82874,11839,-10752,-11.5
United States,2026-05-10,2026-05-03,2026-05-10,2,85964,12281,-8992,-9.5
United States,2026-05-11,2026-05-04,2026-05-11,2,87055,12436,-5743,-6.2
United States,2026-05-12,2026-05-05,2026-05-12,2,83754,11965,-6690,-7.4
United States,2026-05-13,2026-05-06,2026-05-13,2,84115,12016,-1506,-1.8
United States,2026-05-14,2026-05-07,2026-05-14,2,84363,12052,14921,21.5
United States,2026-05-15,2026-05-08,2026-05-15,2,83814,11973,940,1.1
United States,2026-05-16,2026-05-09,2026-05-16,3,83049,11864,-2915,-3.4
United States,2026-05-17,2026-05-10,2026-05-17,3,85949,12278,-1106,-1.3
United States,2026-05-18,2026-05-11,2026-05-18,3,87000,12429,3246,3.9
United States,2026-05-19,2026-05-12,2026-05-19,3,83964,11995,-151,-0.2
United States,2026-05-20,2026-05-13,2026-05-20,3,84030,12004,-333,-0.4
United States,2026-05-21,2026-05-14,2026-05-21,2,84846,12121,1032,1.2
United States,2026-05-22,2026-05-15,2026-05-22,2,84900,12129,1851,2.2
United States,2026-05-23,2026-05-16,2026-05-23,2,85352,12193,-597,-0.7
United States,2026-05-24,2026-05-17,2026-05-24,2,87972,12567,972,1.1
United States,2026-05-25,2026-05-18,2026-05-25,2,89749,12821,5785,6.9
United States,2026-05-26,2026-05-19,2026-05-26,2,86887,12412,2857,3.4
United States,2026-05-27,2026-05-20,2026-05-27,2,84717,12102,-129,-0.2
United States,2026-05-28,2026-05-21,2026-05-28,2,84519,12074,-381,-0.4
United States,2026-05-29,2026-05-22,2026-05-29,2,68923,9846,-16429,-19.2
United States,2026-05-30,2026-05-23,2026-05-30,2,87894,12556,-78,-0.1
United States,2026-05-31,2026-05-24,2026-05-31,2,95381,13626,5632,6.3
